user_genome	classification	fastani_reference	fastani_reference_radius	fastani_taxonomy	fastani_ani	fastani_af	closest_placement_reference	closest_placement_radius	closest_placement_taxonomy	closest_placement_ani	closest_placement_af	pplacer_taxonomy	classification_method	note	other_related_references(genome_id,species_name,radius,ANI,AF)	msa_percent	translation_table	red_value	warnings
SRR8382454.bin.1.fa	d__Bacteria;p__Proteobacteria;c__Gammaproteobacteria;o__GCA-001735895;f__GCA-001735895;g__GCA-001735895;s__	N/A	N/A	N/A	N/A	N/A	N/A	N/A	N/A	N/A	N/A	d__Bacteria;p__Proteobacteria;c__Gammaproteobacteria;o__GCA-001735895;f__GCA-001735895;g__GCA-001735895;s__	ANI	N/A	GCA_009937625.1, s__GCA-001735895 sp009937625, 95.0, 77.98, 0.35; GCA_001735895.1, s__GCA-001735895 sp001735895, 95.0, 77.26, 0.26; GCA_003231795.1, s__GCA-001735895 sp003231795, 95.0, 76.95, 0.09; GCA_003645435.1, s__GCA-001735895 sp003645435, 95.0, 76.65, 0.06	72.17	11	0.9338102930592324	N/A
SRR8382454.bin.2.fa	d__Bacteria;p__Bacteroidota;c__Bacteroidia;o__Flavobacteriales;f__Flavobacteriaceae;g__;s__	N/A	N/A	N/A	N/A	N/A	N/A	N/A	N/A	N/A	N/A	d__Bacteria;p__Bacteroidota;c__Bacteroidia;o__Flavobacteriales;f__Flavobacteriaceae;g__;s__	taxonomic classification fully defined by topology	N/A	N/A	32.02	11	0.9325439997591513	N/A
SRR8382454.bin.3.fa	d__Bacteria;p__Proteobacteria;c__Gammaproteobacteria;o__QNFN01;f__QNFN01;g__QNFN01;s__	N/A	N/A	N/A	N/A	N/A	GCA_009937385.1	95.0	d__Bacteria;p__Proteobacteria;c__Gammaproteobacteria;o__QNFN01;f__QNFN01;g__QNFN01;s__QNFN01 sp009937385	88.11	0.92	d__Bacteria;p__Proteobacteria;c__Gammaproteobacteria;o__QNFN01;f__QNFN01;g__QNFN01;s__	taxonomic classification defined by topology and ANI	N/A	GCA_003645555.1, s__QNFN01 sp003645555, 95.0, 81.31, 0.64	64.42	11	0.9672584328843007	Genome not assigned to closest species as it falls outside its pre-defined ANI radius
SRR8382454.bin.4.fa	d__Bacteria;p__Proteobacteria;c__Gammaproteobacteria;o__Woeseiales;f__Woeseiaceae;g__UBA1847;s__	N/A	N/A	N/A	N/A	N/A	GCA_009937605.1	95.0	d__Bacteria;p__Proteobacteria;c__Gammaproteobacteria;o__Woeseiales;f__Woeseiaceae;g__UBA1847;s__UBA1847 sp009937605	77.67	0.31	d__Bacteria;p__Proteobacteria;c__Gammaproteobacteria;o__Woeseiales;f__Woeseiaceae;g__UBA1847;s__	taxonomic classification defined by topology and ANI	N/A	GCA_004282875.1, s__UBA1847 sp004282875, 95.0, 77.76, 0.33; GCA_013042375.1, s__UBA1847 sp013042375, 95.0, 77.7, 0.24; GCA_013001045.1, s__UBA1847 sp013001045, 95.0, 76.89, 0.13; GCA_009937445.1, s__UBA1847 sp009937445, 95.0, 76.8, 0.14; GCA_013043165.1, s__UBA1847 sp013043165, 95.0, 76.79, 0.19; GCA_002685275.1, s__UBA1847 sp002685275, 95.0, 76.74, 0.0; GCA_002338605.1, s__UBA1847 sp002338605, 95.0, 76.58, 0.11	58.67	11	0.9570808064634394	N/A
SRR8382454.bin.5.fa	d__Bacteria;p__Patescibacteria;c__Paceibacteria;o__UBA9983_A;f__UBA2163;g__1-14-0-10-47-16;s__	N/A	N/A	N/A	N/A	N/A	GCA_002773395.1	95.0	d__Bacteria;p__Patescibacteria;c__Paceibacteria;o__UBA9983_A;f__UBA2163;g__1-14-0-10-47-16;s__1-14-0-10-47-16 sp002773395	74.81	0.01	d__Bacteria;p__Patescibacteria;c__Paceibacteria;o__UBA9983_A;f__UBA2163;g__;s__	taxonomic classification defined by topology and ANI	N/A	N/A	53.42	11	0.8831206714523101	N/A
SRR8382457.bin.1.fa	d__Bacteria;p__Proteobacteria;c__Gammaproteobacteria;o__Woeseiales;f__Woeseiaceae;g__JAACFE01;s__	N/A	N/A	N/A	N/A	N/A	N/A	N/A	N/A	N/A	N/A	d__Bacteria;p__Proteobacteria;c__Gammaproteobacteria;o__Woeseiales;f__Woeseiaceae;g__;s__	taxonomic novelty determined using RED	N/A	N/A	43.44	11	0.9584625072510398	N/A
SRR8382457.bin.5.fa	d__Bacteria;p__Bacteroidota;c__Bacteroidia;o__Flavobacteriales;f__Flavobacteriaceae;g__Lutibacter;s__	N/A	N/A	N/A	N/A	N/A	N/A	N/A	N/A	N/A	N/A	d__Bacteria;p__Bacteroidota;c__Bacteroidia;o__Flavobacteriales;f__Flavobacteriaceae;g__Lutibacter;s__	taxonomic classification defined by topology and ANI	N/A	GCA_001800975.1, s__Lutibacter sp001800975, 95.0, 84.71, 0.83; GCA_010906935.1, s__Lutibacter sp010906935, 95.0, 83.77, 0.79; GCA_002842505.1, s__Lutibacter sp002842505, 95.0, 83.68, 0.77; GCA_003516285.1, s__Lutibacter sp003516285, 95.0, 82.42, 0.79; GCA_004195315.1, s__Lutibacter sp004195315, 95.0, 78.54, 0.35; GCA_013139515.1, s__Lutibacter sp013139515, 95.0, 78.04, 0.38; GCF_003384935.1, s__Lutibacter oceani, 95.0, 78.02, 0.44; GCA_002733285.1, s__Lutibacter sp002733285, 95.0, 77.73, 0.35; GCF_012524075.1, s__Lutibacter sp012524075, 95.0, 77.73, 0.43; GCF_900116115.1, s__Lutibacter maritimus, 95.0, 77.71, 0.45; GCF_900188355.1, s__Lutibacter flavus, 95.0, 77.69, 0.44; GCF_001543325.1, s__Lutibacter profundi, 95.0, 77.63, 0.4; GCA_014646675.1, s__Lutibacter litoralis, 95.0, 77.63, 0.38; GCF_900188235.1, s__Lutibacter agarilyticus, 95.0, 77.42, 0.41; GCF_004121075.1, s__Lutibacter sp004121075, 95.0, 77.35, 0.43; GCA_013041805.1, s__Lutibacter sp013041805, 95.0, 77.32, 0.41; GCF_003260195.1, s__Lutibacter citreus, 95.0, 77.04, 0.35; GCA_002390165.1, s__Lutibacter sp002390165, 95.0, 77.0, 0.26; GCF_900106565.1, s__Lutibacter oricola, 95.0, 76.93, 0.28	43.42	11	0.982204745913069	Genome not assigned to closest species as it falls outside its pre-defined ANI radius
SRR8382458.bin.2.fa	d__Bacteria;p__Desulfobacterota;c__Desulfobacteria;o__Desulfobacterales;f__UBA5852;g__JABZFP01;s__	N/A	N/A	N/A	N/A	N/A	GCA_014237395.1	95.0	d__Bacteria;p__Desulfobacterota;c__Desulfobacteria;o__Desulfobacterales;f__UBA5852;g__JABZFP01;s__JABZFP01 sp014237395	92.11	0.86	d__Bacteria;p__Desulfobacterota;c__Desulfobacteria;o__Desulfobacterales;f__UBA5852;g__;s__	taxonomic classification defined by topology and ANI	N/A	N/A	89.8	11	0.990050214822492	Genome not assigned to closest species as it falls outside its pre-defined ANI radius
SRR8382458.bin.4.fa	d__Bacteria;p__Proteobacteria;c__Gammaproteobacteria;o__Pseudomonadales;f__Oleiphilaceae;g__Marinobacter;s__Marinobacter changyiensis	GCF_009193265.1	95.0	d__Bacteria;p__Proteobacteria;c__Gammaproteobacteria;o__Pseudomonadales;f__Oleiphilaceae;g__Marinobacter;s__Marinobacter changyiensis	98.93	0.96	GCF_009193265.1	95.0	d__Bacteria;p__Proteobacteria;c__Gammaproteobacteria;o__Pseudomonadales;f__Oleiphilaceae;g__Marinobacter;s__Marinobacter changyiensis	98.93	0.96	d__Bacteria;p__Proteobacteria;c__Gammaproteobacteria;o__Pseudomonadales;f__Oleiphilaceae;g__Marinobacter;s__	taxonomic classification defined by topology and ANI	topological placement and ANI have congruent species assignments	GCF_005298175.1, s__Marinobacter sp005298175, 95.0, 78.93, 0.39; GCF_004792665.1, s__Marinobacter sp004792665, 95.0, 78.68, 0.34; GCF_011074955.1, s__Marinobacter sp011074955, 95.0, 78.57, 0.39; GCF_002744735.1, s__Marinobacter guineae, 95.0, 78.47, 0.35; GCF_003994855.1, s__Marinobacter sp003994855, 95.0, 78.42, 0.3; GCF_003441595.1, s__Marinobacter sp003441595, 95.0, 78.38, 0.35; GCF_008795955.1, s__Marinobacter sp008795955, 95.0, 78.37, 0.33; GCF_003344045.1, s__Marinobacter vulgaris, 95.0, 78.37, 0.35; GCF_011074795.1, s__Marinobacter salicampi, 95.0, 78.35, 0.3; GCF_001045555.1, s__Marinobacter subterrani, 95.0, 78.31, 0.33; GCA_014651935.1, s__Marinobacter zhanjiangensis, 95.0, 78.25, 0.28; GCF_000686085.1, s__Marinobacter sp000686085, 95.0, 78.2, 0.34; GCA_002707215.1, s__Marinobacter sp002707215, 95.0, 78.2, 0.19; GCF_000170835.1, s__Marinobacter algicola, 95.0, 78.17, 0.29; GCF_000166295.1, s__Marinobacter adhaerens, 96.6719, 78.13, 0.27; GCF_900114925.1, s__Marinobacter pelagius, 95.0, 78.06, 0.34; GCF_008107725.1, s__Marinobacter sp008107725, 95.0, 78.03, 0.31; GCF_000397065.2, s__Marinobacter lipolyticus, 95.0, 78.01, 0.3; GCA_002732725.1, s__Marinobacter sp002732725, 95.0, 78.0, 0.15; GCF_009617755.1, s__Marinobacter salsuginis, 95.0, 78.0, 0.3; GCF_005871205.1, s__Marinobacter sp005871205, 95.0, 78.0, 0.29; GCF_001650915.1, s__Marinobacter sp001650915, 95.0, 78.0, 0.33; GCF_001854125.1, s__Marinobacter salinus, 95.0, 77.97, 0.27; GCF_002744715.1, s__Marinobacter profundi, 95.0, 77.96, 0.31; GCF_002933275.1, s__Marinobacter sp002933275, 95.0, 77.95, 0.32; GCF_002933295.1, s__Marinobacter flavimaris, 96.6719, 77.94, 0.29; GCF_000235625.1, s__Marinobacter manganoxydans_A, 96.5877, 77.93, 0.3; GCF_000934705.1, s__Marinobacter excellens, 95.0, 77.89, 0.24; GCA_002726615.1, s__Marinobacter sp002726615, 95.0, 77.88, 0.21; GCF_900115175.1, s__Marinobacter gudaonensis, 95.0, 77.88, 0.29; GCF_002934325.1, s__Marinobacter persicus_A, 95.0, 77.86, 0.22; GCF_003007715.1, s__Marinobacter shengliensis, 95.0, 77.84, 0.27; GCF_008795985.1, s__Marinobacter halotolerans, 95.0, 77.83, 0.28; GCF_001447155.2, s__Marinobacter sp001447155, 95.0, 77.81, 0.27; GCA_003030785.1, s__Marinobacter sp003030785, 95.0, 77.81, 0.22; GCF_003007675.1, s__Marinobacter fuscus, 95.0, 77.81, 0.24; GCF_900188315.1, s__Marinobacter sp900188315, 95.8497, 77.78, 0.29; GCF_000372805.1, s__Marinobacter gelidimuriae, 95.0, 77.78, 0.15; GCF_003007685.1, s__Marinobacter halophilus, 95.0, 77.78, 0.28; GCF_002258215.1, s__Marinobacter vinifirmus, 95.0, 77.77, 0.29; GCF_003315345.1, s__Marinobacter pelagius_A, 95.0, 77.76, 0.32; GCF_014201735.1, s__Marinobacter oulmenensis, 95.0, 77.75, 0.24; GCF_900106945.1, s__Marinobacter mobilis, 95.0, 77.74, 0.23; GCF_000421165.1, s__Marinobacter daepoensis, 95.0, 77.73, 0.21; GCF_900188435.1, s__Marinobacter sp900188435, 95.0, 77.71, 0.28; GCF_000284615.1, s__Marinobacter hydrocarbonoclasticus, 95.0, 77.7, 0.27; GCF_000830985.1, s__Marinobacter similis, 95.0, 77.69, 0.31; GCF_000347775.1, s__Marinobacter santoriniensis, 95.0, 77.66, 0.25; GCF_000831005.1, s__Marinobacter salarius, 95.0, 77.65, 0.29; GCA_014359475.1, s__Marinobacter sp014359475, 95.0, 77.64, 0.25; GCF_900115285.1, s__Marinobacter daqiaonensis, 95.0, 77.62, 0.24; GCF_900114775.1, s__Marinobacter zhejiangensis, 95.0, 77.6, 0.24; GCF_004785685.1, s__Marinobacter confluentis, 95.0, 77.58, 0.32; GCF_002563885.1, s__Marinobacter sp002563885, 95.0, 77.58, 0.18; GCF_000708045.1, s__Marinobacter nitratireducens, 95.0, 77.56, 0.22; GCF_002407605.1, s__Marinobacter sp002407605, 95.0, 77.56, 0.18; GCF_900142385.1, s__Marinobacter antarcticus, 95.0, 77.56, 0.24; GCF_900114155.1, s__Marinobacter persicus, 95.0, 77.55, 0.25; GCF_001981305.1, s__Marinobacter lutaoensis, 95.0, 77.53, 0.26; GCF_004353225.1, s__Marinobacter sp004353225, 95.0, 77.52, 0.15; GCF_007671675.1, s__Marinobacter maritimus, 95.0, 77.52, 0.2; GCF_001752365.1, s__Marinobacter sp001752365, 95.0, 77.51, 0.2; GCF_900215155.1, s__Marinobacter sp900215155, 95.0, 77.51, 0.22; GCF_007671655.1, s__Marinobacter piscensis, 95.0, 77.48, 0.16; GCF_008370345.1, s__Marinobacter sp008370345, 95.0, 77.48, 0.22; GCA_011049865.1, s__Marinobacter antarcticus_A, 95.0, 77.47, 0.2; GCF_900111555.1, s__Marinobacter segnicrescens, 95.0, 77.47, 0.22; GCF_001858325.1, s__Marinobacter sp001858325, 95.0, 77.43, 0.19; GCF_002806945.1, s__Marinobacter salexigens, 95.0, 77.39, 0.19; GCF_003336705.1, s__Marinobacter litoralis, 95.0, 77.38, 0.18; GCF_002806975.1, s__Marinobacter aromaticivorans, 95.0, 77.34, 0.23; GCF_000169375.1, s__Marinobacter sp000169375, 95.0, 77.34, 0.19; GCF_003318275.1, s__Marinobacter sp003318275, 95.0, 77.3, 0.17; GCF_001043175.1, s__Marinobacter psychrophilus, 95.0, 76.99, 0.18; GCA_013393545.1, s__Marinobacter sp013393545, 95.0, 76.64, 0.15	74.69	11	N/A	N/A
SRR8382458.bin.7.fa	d__Bacteria;p__Desulfobacterota;c__Desulfobulbia;o__Desulfobulbales;f__Desulfocapsaceae;g__;s__	N/A	N/A	N/A	N/A	N/A	N/A	N/A	N/A	N/A	N/A	d__Bacteria;p__Desulfobacterota;c__Desulfobulbia;o__Desulfobulbales;f__Desulfocapsaceae;g__;s__	taxonomic classification fully defined by topology	N/A	N/A	33.23	11	0.794682090270739	N/A
SRR8382459.bin.1.fa	d__Bacteria;p__Campylobacterota;c__Campylobacteria;o__Campylobacterales;f__Sulfurimonadaceae;g__Sulfurimonas;s__	N/A	N/A	N/A	N/A	N/A	GCA_002733155.1	95.0	d__Bacteria;p__Campylobacterota;c__Campylobacteria;o__Campylobacterales;f__Sulfurimonadaceae;g__Sulfurimonas;s__Sulfurimonas sp002733155	77.84	0.32	d__Bacteria;p__Campylobacterota;c__Campylobacteria;o__Campylobacterales;f__Sulfurimonadaceae;g__Sulfurimonas;s__	taxonomic classification defined by topology and ANI	N/A	GCA_003978465.1, s__Sulfurimonas sp003978465, 95.0, 79.35, 0.24; GCA_002733945.1, s__Sulfurimonas sp002733945, 95.0, 78.61, 0.24; GCA_002335055.1, s__Sulfurimonas sp002335055, 95.0, 78.54, 0.23; GCF_000012965.1, s__Sulfurimonas denitrificans, 95.0, 78.3, 0.24; GCF_000242915.1, s__Sulfurimonas gotlandica, 95.0, 78.21, 0.45; GCF_009068765.1, s__Sulfurimonas sp009068765, 95.0, 78.21, 0.08; GCA_002899765.1, s__Sulfurimonas sp002899765, 95.0, 78.06, 0.21; GCA_014381585.1, s__Sulfurimonas sp014381585, 95.0, 78.05, 0.23; GCA_013153755.1, s__Sulfurimonas sp013153755, 95.0, 77.96, 0.29; GCF_005217605.1, s__Sulfurimonas crateris, 95.0, 77.86, 0.19; GCF_000445475.1, s__Sulfurimonas hongkongensis, 95.0, 77.85, 0.24; GCA_001829715.1, s__Sulfurimonas sp001829715, 95.0, 77.77, 0.31; GCA_002781365.1, s__Sulfurimonas sp002781365, 95.0, 77.77, 0.25; GCA_002732645.1, s__Sulfurimonas sp002732645, 95.0, 77.72, 0.28; GCA_011391635.1, s__Sulfurimonas sp011391635, 95.0, 77.68, 0.27; GCA_903903705.1, s__Sulfurimonas sp903903705, 95.0, 77.65, 0.19; GCA_001829675.1, s__Sulfurimonas sp001829675, 95.0, 77.6, 0.33; GCA_001829625.1, s__Sulfurimonas sp001829625, 95.0, 77.59, 0.2; GCA_001829785.1, s__Sulfurimonas sp001829785, 95.0, 77.59, 0.32; GCA_002452425.1, s__Sulfurimonas sp002452425, 95.0, 77.51, 0.11; GCA_002428085.1, s__Sulfurimonas sp002428085, 95.0, 77.46, 0.11; GCA_013607635.1, s__Sulfurimonas sp013607635, 95.0, 77.43, 0.07; GCF_009883775.1, s__Sulfurimonas sp002452895, 95.0, 77.41, 0.31; GCF_009258225.1, s__Sulfurimonas sp009258225, 95.0, 77.41, 0.16; GCA_013607665.1, s__Sulfurimonas sp013607665, 95.0, 77.29, 0.03; GCA_013791885.1, s__Sulfurimonas sp013791885, 95.0, 77.03, 0.16; GCA_001873135.1, s__Sulfurimonas sp001873135, 95.0, 76.96, 0.21; GCF_000147355.1, s__Sulfurimonas autotrophica, 95.0, 76.85, 0.21; GCF_009192995.1, s__Sulfurimonas sp009192995, 95.0, 76.84, 0.2	35.02	11	0.9493147853310646	N/A
SRR8382459.bin.3.fa	d__Bacteria;p__Proteobacteria;c__Gammaproteobacteria;o__PWYM01;f__PWYM01;g__XN24;s__	N/A	N/A	N/A	N/A	N/A	GCF_011064545.1	95.0	d__Bacteria;p__Proteobacteria;c__Gammaproteobacteria;o__PWYM01;f__PWYM01;g__XN24;s__XN24 sp011064545	80.51	0.62	d__Bacteria;p__Proteobacteria;c__Gammaproteobacteria;o__PWYM01;f__PWYM01;g__XN24;s__	taxonomic classification defined by topology and ANI	N/A	GCF_011089885.1, s__XN24 sp011089885, 95.0, 80.71, 0.67; GCF_011058255.1, s__XN24 sp011058255, 95.0, 80.56, 0.63	78.04	11	0.9416324942557271	Genome not assigned to closest species as it falls outside its pre-defined ANI radius
SRR8382459.bin.4.fa	d__Bacteria;p__Campylobacterota;c__Campylobacteria;o__Campylobacterales;f__Sulfurimonadaceae;g__GCA-2733885;s__	N/A	N/A	N/A	N/A	N/A	N/A	N/A	N/A	N/A	N/A	d__Bacteria;p__Campylobacterota;c__Campylobacteria;o__Campylobacterales;f__Sulfurimonadaceae;g__;s__	taxonomic novelty determined using RED	N/A	N/A	51.98	11	0.9077848171897996	N/A
SRR8382459.bin.6.fa	d__Bacteria;p__Firmicutes;c__Bacilli;o__Mycoplasmatales;f__Hepatoplasmataceae;g__;s__	N/A	N/A	N/A	N/A	N/A	N/A	N/A	N/A	N/A	N/A	d__Bacteria;p__Firmicutes;c__Bacilli;o__Mycoplasmatales;f__Hepatoplasmataceae;g__;s__	taxonomic novelty determined using RED	N/A	N/A	66.75	4	0.9153657442455787	N/A
SRR8382460.bin.1.fa	d__Bacteria;p__Zixibacteria;c__MSB-5A5;o__GN15;f__FEB-12;g__JAADHM01;s__	N/A	N/A	N/A	N/A	N/A	GCA_013151855.1	95.0	d__Bacteria;p__Zixibacteria;c__MSB-5A5;o__GN15;f__FEB-12;g__JAADHM01;s__JAADHM01 sp013151855	75.18	0.03	d__Bacteria;p__Zixibacteria;c__MSB-5A5;o__GN15;f__FEB-12;g__;s__	taxonomic classification defined by topology and ANI	N/A	N/A	62.4	11	0.873513354702956	N/A
SRR8382460.bin.10.fa	d__Bacteria;p__Bacteroidota;c__Bacteroidia;o__Cytophagales;f__Cyclobacteriaceae;g__JAAUQL01;s__	N/A	N/A	N/A	N/A	N/A	GCA_012033595.1	95.0	d__Bacteria;p__Bacteroidota;c__Bacteroidia;o__Cytophagales;f__Cyclobacteriaceae;g__JAAUQL01;s__JAAUQL01 sp012033595	76.24	0.08	d__Bacteria;p__Bacteroidota;c__Bacteroidia;o__Cytophagales;f__Cyclobacteriaceae;g__;s__	taxonomic classification defined by topology and ANI	N/A	N/A	51.06	11	0.8738394796617083	N/A
SRR8382460.bin.11.fa	d__Bacteria;p__Proteobacteria;c__Gammaproteobacteria;o__SZUA-229;f__SZUA-229;g__GCA-2746365;s__	N/A	N/A	N/A	N/A	N/A	N/A	N/A	N/A	N/A	N/A	d__Bacteria;p__Proteobacteria;c__Gammaproteobacteria;o__SZUA-229;f__SZUA-229;g__GCA-2746365;s__	ANI	N/A	GCA_002746365.1, s__GCA-2746365 sp002746365, 95.0, 77.62, 0.25; GCA_011321985.1, s__GCA-2746365 sp011321985, 95.0, 77.34, 0.18; GCA_013138755.1, s__GCA-2746365 sp013138755, 95.0, 77.16, 0.2; GCA_011051475.1, s__GCA-2746365 sp011051475, 95.0, 76.9, 0.09; GCA_013041745.1, s__GCA-2746365 sp013041745, 95.0, 76.86, 0.21; GCA_002401185.1, s__GCA-2746365 sp002401185, 95.0, 76.79, 0.1	68.39	11	0.9366654261008217	N/A
SRR8382460.bin.12.fa	d__Bacteria;p__Chloroflexota;c__Anaerolineae;o__Anaerolineales;f__UBA11579;g__UBA11579;s__	N/A	N/A	N/A	N/A	N/A	N/A	N/A	N/A	N/A	N/A	d__Bacteria;p__Chloroflexota;c__Anaerolineae;o__Anaerolineales;f__UBA11579;g__;s__	taxonomic novelty determined using RED	N/A	N/A	51.4	11	0.9291990603273235	N/A
SRR8382460.bin.4.fa	d__Bacteria;p__Bacteroidota;c__Bacteroidia;o__Bacteroidales;f__B18-G4;g__;s__	N/A	N/A	N/A	N/A	N/A	N/A	N/A	N/A	N/A	N/A	d__Bacteria;p__Bacteroidota;c__Bacteroidia;o__Bacteroidales;f__;g__;s__	taxonomic novelty determined using RED	N/A	N/A	39.21	11	0.9119990495826004	N/A
SRR8382460.bin.6.fa	d__Bacteria;p__Acidobacteriota;c__Thermoanaerobaculia;o__Thermoanaerobaculales;f__FEB-10;g__;s__	N/A	N/A	N/A	N/A	N/A	GCA_003105185.1	95.0	d__Bacteria;p__Acidobacteriota;c__Thermoanaerobaculia;o__Thermoanaerobaculales;f__FEB-10;g__FEB-10;s__FEB-10 sp003105185	77.16	0.23	d__Bacteria;p__Acidobacteriota;c__Thermoanaerobaculia;o__Thermoanaerobaculales;f__FEB-10;g__;s__	taxonomic classification defined by topology and ANI	N/A	N/A	76.63	11	0.8381894939482412	N/A
SRR8382460.bin.7.fa	d__Bacteria;p__Proteobacteria;c__Gammaproteobacteria;o__Thiomicrospirales;f__Thiomicrospiraceae;g__Thiomicrorhabdus;s__	N/A	N/A	N/A	N/A	N/A	GCA_006222135.1	95.0	d__Bacteria;p__Proteobacteria;c__Gammaproteobacteria;o__Thiomicrospirales;f__Thiomicrospiraceae;g__Thiomicrorhabdus;s__Thiomicrorhabdus sp006222135	89.55	0.76	d__Bacteria;p__Proteobacteria;c__Gammaproteobacteria;o__Thiomicrospirales;f__Thiomicrospiraceae;g__Thiomicrorhabdus;s__	taxonomic classification defined by topology and ANI	N/A	GCF_000381085.1, s__Thiomicrorhabdus arctica, 95.0, 85.84, 0.87; GCA_013153955.1, s__Thiomicrorhabdus sp013153955, 95.0, 78.53, 0.19; GCF_000478585.1, s__Thiomicrorhabdus sp000478585, 95.0, 77.93, 0.3; GCF_000702325.1, s__Thiomicrorhabdus sp000702325, 95.0, 77.79, 0.22; GCF_005885815.1, s__Thiomicrorhabdus sp005885815, 95.0, 77.42, 0.14; GCF_004293625.1, s__Thiomicrorhabdus indica, 95.0, 77.35, 0.11; GCF_013282625.1, s__Thiomicrorhabdus sp013282625, 95.0, 77.13, 0.11; GCF_000483485.1, s__Thiomicrorhabdus chilensis, 95.0, 77.11, 0.12; GCF_013391695.1, s__Thiomicrorhabdus sp013391695, 95.0, 77.0, 0.09; GCF_011398355.1, s__Thiomicrorhabdus sp011398355, 95.0, 76.93, 0.11; GCF_004001325.1, s__Thiomicrorhabdus aquaedulcis, 95.0, 76.87, 0.14; GCA_002299245.1, s__Thiomicrorhabdus sp002299245, 95.0, 76.29, 0.09	84.57	11	0.9928687605768285	Genome not assigned to closest species as it falls outside its pre-defined ANI radius
SRR8382460.bin.9.fa	d__Bacteria;p__Campylobacterota;c__Campylobacteria;o__Campylobacterales;f__Sulfurimonadaceae;g__GCA-2733885;s__	N/A	N/A	N/A	N/A	N/A	N/A	N/A	N/A	N/A	N/A	d__Bacteria;p__Campylobacterota;c__Campylobacteria;o__Campylobacterales;f__Sulfurimonadaceae;g__;s__	taxonomic novelty determined using RED	N/A	N/A	48.34	11	0.9179305436951385	N/A
SRR8382461.bin.3.fa	d__Bacteria;p__Firmicutes;c__Bacilli;o__Izemoplasmatales;f__Izemoplasmataceae;g__Izemoplasma_B;s__	N/A	N/A	N/A	N/A	N/A	GCA_004195325.1	95.0	d__Bacteria;p__Firmicutes;c__Bacilli;o__Izemoplasmatales;f__Izemoplasmataceae;g__Izemoplasma_B;s__Izemoplasma_B sp004195325	77.97	0.31	d__Bacteria;p__Firmicutes;c__Bacilli;o__Izemoplasmatales;f__Izemoplasmataceae;g__Izemoplasma_B;s__	taxonomic classification defined by topology and ANI	N/A	GCA_014023125.1, s__Izemoplasma_B sp014023125, 95.0, 77.23, 0.07; GCA_000753575.1, s__Izemoplasma_B sp000753575, 95.0, 76.7, 0.14; GCF_000755705.1, s__Izemoplasma_B sp000755705, 95.0, 76.58, 0.13	50.41	11	0.9571922217040622	N/A
SRR8382462.bin.1.fa	d__Bacteria;p__Firmicutes;c__Bacilli;o__Izemoplasmatales;f__Izemoplasmataceae;g__Izemoplasma_B;s__	N/A	N/A	N/A	N/A	N/A	GCA_004195325.1	95.0	d__Bacteria;p__Firmicutes;c__Bacilli;o__Izemoplasmatales;f__Izemoplasmataceae;g__Izemoplasma_B;s__Izemoplasma_B sp004195325	77.37	0.2	d__Bacteria;p__Firmicutes;c__Bacilli;o__Izemoplasmatales;f__Izemoplasmataceae;g__Izemoplasma_B;s__	taxonomic classification defined by topology and ANI	N/A	GCA_000753575.1, s__Izemoplasma_B sp000753575, 95.0, 77.22, 0.17; GCF_000755705.1, s__Izemoplasma_B sp000755705, 95.0, 77.01, 0.17; GCA_014023125.1, s__Izemoplasma_B sp014023125, 95.0, 76.64, 0.08	38.02	11	0.9364027770640856	N/A
SRR8382462.bin.10.fa	d__Bacteria;p__Firmicutes;c__Bacilli;o__Izemoplasmatales;f__Izemoplasmataceae;g__Izemoplasma_B;s__	N/A	N/A	N/A	N/A	N/A	GCA_014023125.1	95.0	d__Bacteria;p__Firmicutes;c__Bacilli;o__Izemoplasmatales;f__Izemoplasmataceae;g__Izemoplasma_B;s__Izemoplasma_B sp014023125	77.42	0.22	d__Bacteria;p__Firmicutes;c__Bacilli;o__Izemoplasmatales;f__Izemoplasmataceae;g__Izemoplasma_B;s__	taxonomic classification defined by topology and ANI	N/A	GCA_000753575.1, s__Izemoplasma_B sp000753575, 95.0, 76.61, 0.05; GCF_000755705.1, s__Izemoplasma_B sp000755705, 95.0, 76.56, 0.09; GCA_004195325.1, s__Izemoplasma_B sp004195325, 95.0, 76.11, 0.06	87.87	11	0.963300159568019	N/A
SRR8382462.bin.11.fa	d__Bacteria;p__Proteobacteria;c__Gammaproteobacteria;o__Xanthomonadales;f__SZUA-36;g__SZUA-36;s__	N/A	N/A	N/A	N/A	N/A	GCA_013042835.1	95.0	d__Bacteria;p__Proteobacteria;c__Gammaproteobacteria;o__Xanthomonadales;f__SZUA-36;g__SZUA-36;s__SZUA-36 sp013042835	77.29	0.26	d__Bacteria;p__Proteobacteria;c__Gammaproteobacteria;o__Xanthomonadales;f__SZUA-36;g__SZUA-36;s__	taxonomic classification defined by topology and ANI	N/A	GCA_003233115.1, s__SZUA-36 sp003233115, 95.0, 77.01, 0.13; GCA_014238945.1, s__SZUA-36 sp014238945, 95.0, 76.41, 0.1	78.14	11	0.938414507725422	N/A
SRR8382462.bin.5.fa	d__Bacteria;p__Bacteroidota;c__Bacteroidia;o__Flavobacteriales;f__Flavobacteriaceae;g__Gillisia;s__	N/A	N/A	N/A	N/A	N/A	GCF_000243235.1	95.0	d__Bacteria;p__Bacteroidota;c__Bacteroidia;o__Flavobacteriales;f__Flavobacteriaceae;g__Gillisia;s__Gillisia limnaea	87.79	0.81	d__Bacteria;p__Bacteroidota;c__Bacteroidia;o__Flavobacteriales;f__Flavobacteriaceae;g__Gillisia;s__	taxonomic classification defined by topology and ANI	N/A	GCF_007993795.1, s__Gillisia sp007993795, 95.0, 77.7, 0.33; GCF_007997295.1, s__Gillisia hiemivivida, 95.0, 77.69, 0.31; GCF_900104765.1, s__Gillisia sp900104765, 95.0, 77.48, 0.26; GCF_007827275.1, s__Gillisia sp007827275, 95.0, 77.47, 0.27; GCF_000258765.1, s__Gillisia marina, 95.0, 77.43, 0.26; GCA_002364325.1, s__Gillisia sp002364325, 95.0, 77.34, 0.22; GCF_003634585.1, s__Gillisia mitskevichiae, 95.0, 77.28, 0.27; GCF_000403785.1, s__Gillisia sp000403785, 95.0, 77.21, 0.29	43.06	11	0.9904711523474032	Genome has more than 12.5% of markers with multiple hits
SRR8382462.bin.6.fa	d__Bacteria;p__Desulfobacterota_F;c__Desulfuromonadia;o__Desulfuromonadales;f__BM103;g__;s__	N/A	N/A	N/A	N/A	N/A	N/A	N/A	N/A	N/A	N/A	d__Bacteria;p__Desulfobacterota_F;c__Desulfuromonadia;o__Desulfuromonadales;f__BM103;g__;s__	taxonomic novelty determined using RED	N/A	N/A	32.26	11	0.8891868742280604	N/A
SRR8382462.bin.7.fa	d__Bacteria;p__Bacteroidota;c__Bacteroidia;o__Flavobacteriales;f__Flavobacteriaceae;g__Gillisia;s__	N/A	N/A	N/A	N/A	N/A	N/A	N/A	N/A	N/A	N/A	d__Bacteria;p__Bacteroidota;c__Bacteroidia;o__Flavobacteriales;f__Flavobacteriaceae;g__Gillisia;s__	ANI	N/A	GCF_000243235.1, s__Gillisia limnaea, 95.0, 79.96, 0.45; GCF_007997295.1, s__Gillisia hiemivivida, 95.0, 77.82, 0.28; GCF_900104765.1, s__Gillisia sp900104765, 95.0, 77.72, 0.23; GCF_007827275.1, s__Gillisia sp007827275, 95.0, 77.71, 0.27; GCF_000258765.1, s__Gillisia marina, 95.0, 77.69, 0.23; GCF_003634585.1, s__Gillisia mitskevichiae, 95.0, 77.59, 0.27; GCA_002364325.1, s__Gillisia sp002364325, 95.0, 77.55, 0.17; GCF_007993795.1, s__Gillisia sp007993795, 95.0, 77.44, 0.29; GCF_000403785.1, s__Gillisia sp000403785, 95.0, 77.0, 0.26	42.84	11	0.9570674222245116	N/A
SRR8382462.bin.8.fa	d__Bacteria;p__Bacteroidota;c__Bacteroidia;o__Flavobacteriales;f__Flavobacteriaceae;g__Gillisia;s__	N/A	N/A	N/A	N/A	N/A	N/A	N/A	N/A	N/A	N/A	d__Bacteria;p__Bacteroidota;c__Bacteroidia;o__Flavobacteriales;f__Flavobacteriaceae;g__Gillisia;s__	taxonomic classification defined by topology and ANI	N/A	GCF_007997295.1, s__Gillisia hiemivivida, 95.0, 83.75, 0.84; GCF_003634585.1, s__Gillisia mitskevichiae, 95.0, 83.54, 0.8; GCF_000258765.1, s__Gillisia marina, 95.0, 83.42, 0.77; GCF_000403785.1, s__Gillisia sp000403785, 95.0, 83.2, 0.78; GCF_007827275.1, s__Gillisia sp007827275, 95.0, 82.87, 0.79; GCA_002364325.1, s__Gillisia sp002364325, 95.0, 82.24, 0.59; GCF_900104765.1, s__Gillisia sp900104765, 95.0, 78.97, 0.41; GCF_000243235.1, s__Gillisia limnaea, 95.0, 78.25, 0.36; GCF_007993795.1, s__Gillisia sp007993795, 95.0, 77.95, 0.31	81.32	11	0.9904317004975225	Genome not assigned to closest species as it falls outside its pre-defined ANI radius
SRR8382462.bin.9.fa	d__Bacteria;p__Bacteroidota;c__Bacteroidia;o__Flavobacteriales;f__Flavobacteriaceae;g__Lutibacter;s__Lutibacter litoralis	GCA_014646675.1	95.0	d__Bacteria;p__Bacteroidota;c__Bacteroidia;o__Flavobacteriales;f__Flavobacteriaceae;g__Lutibacter;s__Lutibacter litoralis	99.38	0.96	GCA_014646675.1	95.0	d__Bacteria;p__Bacteroidota;c__Bacteroidia;o__Flavobacteriales;f__Flavobacteriaceae;g__Lutibacter;s__Lutibacter litoralis	99.38	0.96	d__Bacteria;p__Bacteroidota;c__Bacteroidia;o__Flavobacteriales;f__Flavobacteriaceae;g__Lutibacter;s__	taxonomic classification defined by topology and ANI	topological placement and ANI have congruent species assignments	GCF_003384935.1, s__Lutibacter oceani, 95.0, 81.63, 0.69; GCF_900188355.1, s__Lutibacter flavus, 95.0, 80.63, 0.66; GCF_003260195.1, s__Lutibacter citreus, 95.0, 80.0, 0.59; GCF_900116115.1, s__Lutibacter maritimus, 95.0, 79.79, 0.59; GCF_900188235.1, s__Lutibacter agarilyticus, 95.0, 79.69, 0.55; GCA_004195315.1, s__Lutibacter sp004195315, 95.0, 79.42, 0.41; GCF_900106565.1, s__Lutibacter oricola, 95.0, 79.41, 0.53; GCA_013139515.1, s__Lutibacter sp013139515, 95.0, 79.29, 0.45; GCF_004121075.1, s__Lutibacter sp004121075, 95.0, 79.07, 0.49; GCA_013041805.1, s__Lutibacter sp013041805, 95.0, 79.02, 0.46; GCF_012524075.1, s__Lutibacter sp012524075, 95.0, 78.79, 0.48; GCF_001543325.1, s__Lutibacter profundi, 95.0, 78.58, 0.45; GCA_002733285.1, s__Lutibacter sp002733285, 95.0, 78.5, 0.4; GCA_002390165.1, s__Lutibacter sp002390165, 95.0, 78.0, 0.31; GCA_010906935.1, s__Lutibacter sp010906935, 95.0, 77.6, 0.29; GCA_002842505.1, s__Lutibacter sp002842505, 95.0, 77.52, 0.26; GCA_003516285.1, s__Lutibacter sp003516285, 95.0, 77.49, 0.25; GCA_001800975.1, s__Lutibacter sp001800975, 95.0, 77.45, 0.29	81.04	11	N/A	N/A
SRR8382463.bin.2.fa	d__Bacteria;p__Proteobacteria;c__Alphaproteobacteria;o__Sphingomonadales;f__Kordiimonadaceae;g__;s__	N/A	N/A	N/A	N/A	N/A	N/A	N/A	N/A	N/A	N/A	d__Bacteria;p__Proteobacteria;c__Alphaproteobacteria;o__Sphingomonadales;f__Kordiimonadaceae;g__;s__	taxonomic novelty determined using RED	N/A	N/A	97.96	11	0.8447664976860688	N/A
SRR8382463.bin.3.fa	d__Bacteria;p__Proteobacteria;c__Gammaproteobacteria;o__Woeseiales;f__Woeseiaceae;g__UBA1847;s__	N/A	N/A	N/A	N/A	N/A	N/A	N/A	N/A	N/A	N/A	d__Bacteria;p__Proteobacteria;c__Gammaproteobacteria;o__Woeseiales;f__Woeseiaceae;g__UBA1847;s__	ANI	N/A	GCA_009937445.1, s__UBA1847 sp009937445, 95.0, 77.44, 0.21; GCA_002338605.1, s__UBA1847 sp002338605, 95.0, 77.16, 0.15; GCA_013043165.1, s__UBA1847 sp013043165, 95.0, 77.07, 0.12; GCA_013042375.1, s__UBA1847 sp013042375, 95.0, 76.33, 0.1; GCA_004282875.1, s__UBA1847 sp004282875, 95.0, 76.31, 0.1; GCA_013001045.1, s__UBA1847 sp013001045, 95.0, 76.3, 0.13; GCA_009937605.1, s__UBA1847 sp009937605, 95.0, 76.26, 0.13; GCA_002685275.1, s__UBA1847 sp002685275, 95.0, 74.56, 0.01	43.2	11	0.9349014577583492	N/A
SRR8382463.bin.4.fa	d__Bacteria;p__Chloroflexota;c__Anaerolineae;o__4572-78;f__4572-78;g__DUEH01;s__	N/A	N/A	N/A	N/A	N/A	GCA_011192195.1	95.0	d__Bacteria;p__Chloroflexota;c__Anaerolineae;o__4572-78;f__4572-78;g__DUEH01;s__DUEH01 sp011192195	74.97	0.02	d__Bacteria;p__Chloroflexota;c__Anaerolineae;o__4572-78;f__4572-78;g__;s__	taxonomic classification defined by topology and ANI	N/A	N/A	36.81	11	0.8738150534140713	N/A
SRR8382464.bin.1.fa	d__Bacteria;p__Proteobacteria;c__Gammaproteobacteria;o__Enterobacterales;f__Alteromonadaceae;g__Colwellia;s__	N/A	N/A	N/A	N/A	N/A	GCF_009832865.1	95.0	d__Bacteria;p__Proteobacteria;c__Gammaproteobacteria;o__Enterobacterales;f__Alteromonadaceae;g__Colwellia;s__Colwellia sp009832865	79.86	0.36	d__Bacteria;p__Proteobacteria;c__Gammaproteobacteria;o__Enterobacterales;f__Alteromonadaceae;g__Colwellia;s__	taxonomic classification defined by topology and ANI	N/A	GCA_002162675.1, s__Colwellia sp002162675, 95.0, 80.21, 0.42; GCA_013215465.1, s__Colwellia sp013215465, 95.0, 79.87, 0.37; GCF_003333305.1, s__Colwellia aromaticivorans, 95.0, 79.8, 0.44; GCA_002733765.1, s__Colwellia sp002733765, 95.0, 79.77, 0.38; GCA_003521815.1, s__Colwellia sp003521815, 95.0, 79.39, 0.51; GCF_002843355.2, s__Colwellia echini, 95.0, 78.94, 0.21; GCF_002836775.1, s__Colwellia sp002836775, 95.0, 78.91, 0.27; GCF_000012325.1, s__Colwellia psychrerythraea_A, 95.0, 78.89, 0.25; GCF_007954275.1, s__Colwellia demingiae, 95.0, 78.89, 0.25; GCF_002836255.1, s__Colwellia sp002836255, 95.0, 78.83, 0.26; GCF_000764185.1, s__Colwellia psychrerythraea_B, 95.0, 78.72, 0.25; GCA_003545415.1, s__Colwellia sp003545415, 95.0, 78.71, 0.29; GCA_013214175.1, s__Colwellia sp013214175, 95.0, 78.71, 0.26; GCA_002163005.1, s__Colwellia psychrerythraea_C, 95.0, 78.7, 0.23; GCF_000378625.1, s__Colwellia piezophila, 95.0, 78.7, 0.23; GCF_005885605.1, s__Colwellia ponticola, 95.0, 78.7, 0.26; GCF_002207865.1, s__Colwellia marinimaniae, 95.0, 78.58, 0.23; GCF_000764225.1, s__Colwellia psychrerythraea_D, 95.0, 78.52, 0.25; GCF_001440345.1, s__Colwellia sp001440345, 95.0, 78.45, 0.23	95.83	11	0.9761409578327128	N/A
SRR8382464.bin.2.fa	d__Bacteria;p__Bacteroidota;c__Bacteroidia;o__Bacteroidales;f__F082;g__JAADID01;s__	N/A	N/A	N/A	N/A	N/A	GCA_013151505.1	95.0	d__Bacteria;p__Bacteroidota;c__Bacteroidia;o__Bacteroidales;f__F082;g__JAADID01;s__JAADID01 sp013151505	76.79	0.05	d__Bacteria;p__Bacteroidota;c__Bacteroidia;o__Bacteroidales;f__F082;g__;s__	taxonomic classification defined by topology and ANI	N/A	N/A	50.27	11	0.9147129687511584	N/A
SRR8382465.bin.1.fa	d__Bacteria;p__Acidobacteriota;c__Aminicenantia;o__UBA2199;f__UBA2199;g__;s__	N/A	N/A	N/A	N/A	N/A	GCA_002299555.1	95.0	d__Bacteria;p__Acidobacteriota;c__Aminicenantia;o__UBA2199;f__UBA2199;g__UBA647;s__UBA647 sp002299555	76.86	0.01	d__Bacteria;p__Acidobacteriota;c__Aminicenantia;o__UBA2199;f__UBA2199;g__;s__	taxonomic classification defined by topology and ANI	N/A	N/A	80.52	11	0.8313694765658513	N/A
SRR8382466.bin.1.fa	d__Bacteria;p__Proteobacteria;c__Gammaproteobacteria;o__Woeseiales;f__Woeseiaceae;g__JAACFE01;s__	N/A	N/A	N/A	N/A	N/A	N/A	N/A	N/A	N/A	N/A	d__Bacteria;p__Proteobacteria;c__Gammaproteobacteria;o__Woeseiales;f__Woeseiaceae;g__;s__	taxonomic novelty determined using RED	N/A	N/A	77.23	11	0.9575438072084601	N/A
